"Rank","Name","Symbol","marketcap","price (USD)","country"
"1","Microsoft","MSFT","3028424589312","407.57","United States"
"2","Apple","AAPL","2577253007360","166.9","United States"
"3","NVIDIA","NVDA","2060574916608","824.23","United States"
"4","Alphabet (Google)","GOOG","1977058983936","159.92","United States"
"6","Amazon","AMZN","1867700764672","179.54","United States"
"7","Meta Platforms (Facebook)","META","1258372464640","496.1","United States"
"8","Berkshire Hathaway","BRK-B","882616762368","408.74","United States"
"9","Eli Lilly","LLY","708976705536","745.69","United States"
"10","TSMC","TSM","692102692864","133.43","Taiwan"
"11","Broadcom","AVGO","578900852736","1249.19","United States"
"12","Novo Nordisk","NVO","573905502208","128.64","Denmark"
"13","Visa","V","560960634880","274.11","United States"
"14","JPMorgan Chase","JPM","551843397632","192.14","United States"
"15","Exxon Mobil","XOM","479068192768","121.03","United States"
"16","Walmart","WMT","476150169600","59.09","United States"
"17","Tesla","TSLA","460775391232","144.68","United States"
"18","UnitedHealth","UNH","447324487680","486.18","United States"
"19","Mastercard","MA","431761096704","462.82","United States"
"20","LVMH","MC.PA","427751745522","856.29","France"
"21","Tencent","TCEHY","400139943936","42.48","China"
"22","Procter & Gamble","PG","381162618880","161.5","United States"
"23","Samsung","005930.KS","380051208010","57.05","South Korea"
"24","Johnson & Johnson","JNJ","360406679552","149.56","United States"
"25","ASML","ASML","355750510592","901.57","Netherlands"
"26","Home Depot","HD","335959490560","339","United States"
"27","Merck","MRK","321390837760","126.88","United States"
"28","Costco","COST","320511475712","722.68","United States"
"29","Oracle","ORCL","316325986304","115.09","United States"
"30","Toyota","TM","310459039744","230.41","Japan"
"31","Bank of America","BAC","301851770880","38.37","United States"
"32","Chevron","CVX","300647153664","162.85","United States"
"33","AbbVie","ABBV","300195971072","169.54","United States"
"34","Kweichow Moutai","600519.SS","293484347046","233.63","China"
"35","Nestlé","NESN.SW","270979666127","103.38","Switzerland"
"36","Salesforce","CRM","268379586560","276.68","United States"
"37","Hermès","RMS.PA","264131731163","2521.95","France"
"38","Coca-Cola","KO","261430558720","60.64","United States"
"39","L'Oréal","OR.PA","252359516607","471.94","France"
"40","PetroChina","601857.SS","252000753698","1.44","China"
"41","ICBC","1398.HK","251621087830","0.53","China"
"42","Netflix","NFLX","248953044992","577.75","United States"
"43","AMD","AMD","246089646080","152.27","United States"
"44","Reliance Industries","RELIANCE.NS","241078446898","35.14","India"
"45","International Holding Company","IHC.AE","238629519390","108.79","United Arab Emirates"
"46","Pepsico","PEP","235391549440","171.22","United States"
"47","Shell","SHEL","232850161664","72.77","United Kingdom"
"48","AstraZeneca","AZN","219666169856","70.85","United Kingdom"
"49","SAP","SAP","219450900480","188.01","Germany"
"50","Thermo Fisher Scientific","TMO","219329052672","574.59","United States"
"51","Linde","LIN","214330212352","445.06","United Kingdom"
"52","Wells Fargo","WFC","213392375808","60.94","United States"
"53","Agricultural Bank of China","601288.SS","211999227647","0.62","China"
"54","Adobe","ADBE","211859193856","472.9","United States"
"55","Walt Disney","DIS","208578248704","113.71","United States"
"56","McDonald","MCD","199631863808","276.88","United States"
"57","Roche","ROG.SW","199579174486","251.91","Switzerland"
"58","Accenture","ACN","199200210944","316.83","Ireland"
"59","Novartis","NVS","198949273600","97.28","Switzerland"
"60","China Mobile","0941.HK","197359309111","8.99","China"
"61","Cisco","CSCO","195656859648","48.32","United States"
"62","T-Mobile US","TMUS","193756528640","163.25","United States"
"63","Danaher","DHR","187475279872","253.11","United States"
"64","Abbott Laboratories","ABT","186688012288","107.59","United States"
"65","Caterpillar","CAT","181398700032","363.25","United States"
"66","QUALCOMM","QCOM","180066598912","161.35","United States"
"67","General Electric","GE","178005475328","162.62","United States"
"68","Intuit","INTU","176633151488","630.88","United States"
"69","Alibaba","BABA","176462512128","72.51","China"
"70","American Express","AXP","171884642304","238.96","United States"
"71","Bank of China","601988.SS","170779185691","0.64","China"
"72","Pinduoduo","PDD","170086088704","128.02","China"
"73","TotalEnergies","TTE","169043034112","72.97","France"
"74","Tata Consultancy Services","TCS.NS","167836728479","46.39","India"
"75","Verizon","VZ","167097303040","39.7","United States"
"76","IBM","IBM","167021772800","182.19","United States"
"77","Applied Materials","AMAT","160562544640","193.24","United States"
"78","Comcast","CMCSA","160304267264","40.36","United States"
"79","China Construction Bank","601939.SS","158543917677","1","China"
"80","HSBC","HSBC","158161977344","41.89","United Kingdom"
"81","Inditex","IDEXY","153598885888","24.67","Spain"
"82","Morgan Stanley","MS","152512839680","93.76","United States"
"83","ServiceNow","NOW","152177803264","740.95","United States"
"84","ConocoPhillips","COP","152055627776","129.84","United States"
"85","Philip Morris","PM","151817355264","97.66","United States"
"86","Texas Instruments","TXN","150625353728","165.47","United States"
"87","Pfizer","PFE","149038039040","26.32","United States"
"88","BHP Group","BHP","148540350000","58.7","Australia"
"89","Siemens","SIE.DE","148323590525","187.77","Germany"
"90","HDFC Bank","HDB","147987611648","58.44","India"
"91","Uber","UBER","147373031424","70.8","United States"
"92","Amgen","AMGN","146720292864","273.54","United States"
"93","Intel","INTC","145925488640","34.28","United States"
"94","Prosus","PRX.AS","144541970576","33.08","Netherlands"
"95","Dior","CDI.PA","144417678612","800.49","France"
"96","Union Pacific Corporation","UNP","144159571968","236.29","United States"
"97","Nike","NKE","141910016000","94.02","United States"
"98","Royal Bank Of Canada","RY","141176913920","99.85","Canada"
"99","Goldman Sachs","GS","137599451136","424","United States"
"100","Airbus","AIR.PA","137530643684","174.26","Netherlands"
"101","Charles Schwab","SCHW","137441460224","75.23","United States"
"102","Nextera Energy","NEE","136009883648","66.2","United States"
"103","Raytheon Technologies","RTX","134798893056","101.38","United States"
"104","Intuitive Surgical","ISRG","133752528896","377.08","United States"
"105","Lowe's Companies","LOW","133641158656","233.56","United States"
"106","S&P Global","SPGI","132349411328","413.26","United States"
"107","Honeywell","HON","127736455168","196.16","United States"
"108","Stryker Corporation","SYK","127423217664","334.91","United States"
"109","United Parcel Service","UPS","127006507008","148.87","United States"
"110","Commonwealth Bank","CBA.AX","125423061820","74.96","Australia"
"111","Progressive","PGR","125349167104","214.02","United States"
"112","Schneider Electric","SU.PA","125303421341","223.98","France"
"113","Eaton","ETN","125102211072","312.84","Ireland"
"114","Micron Technology","MU","124534824960","112.46","United States"
"115","Elevance Health","ELV","123860197376","532.92","United States"
"116","Booking Holdings (Booking.com)","BKNG","120759975936","3533.99","United States"
"117","Unilever","UL","120443232256","47.98","United Kingdom"
"118","Citigroup","C","119536746496","62.67","United States"
"119","Sanofi","SNY","119055695872","47.69","France"
"120","Anheuser-Busch Inbev","BUD","118615982080","60.18","Belgium"
"121","Mitsubishi UFJ Financial","MUFG","118588784640","10.09","Japan"
"122","AT&T","T","118361587712","16.5","United States"
"123","CNOOC","0883.HK","117919857319","2.38","China"
"124","Lam Research","LRCX","116343422976","887.42","United States"
"125","CM Bank","3968.HK","116033661847","4.21","China"
"126","Deutsche Telekom","DTE.DE","115961646331","23.29","Germany"
"127","CATL","300750.SZ","114286648983","25.98","China"
"128","BlackRock","BLK","114042388480","766.62","United States"
"129","Allianz","ALV.DE","113396509882","289.68","Germany"
"130","Lockheed Martin","LMT","110646943744","460.08","United States"
"131","Deere & Company","DE","110566588416","397.21","United States"
"132","BP","BP","110103945216","39.29","United Kingdom"
"133","Petrobras","PBR","109470687232","16.96","Brazil"
"134","Rio Tinto","RIO","108220022784","66.64","United Kingdom"
"135","Medtronic","MDT","107938488320","81.29","Ireland"
"136","TJX Companies","TJX","107065663488","94.5","United States"
"137","Air Liquide","AI.PA","106626257888","204.07","France"
"138","Vertex Pharmaceuticals","VRTX","104652636160","404.91","United States"
"139","Toronto Dominion Bank","TD","104184700928","58.92","Canada"
"140","Tokyo Electron","8035.T","104056174332","224.79","Japan"
"141","China Shenhua Energy","601088.SS","103938272541","5.48","China"
"142","Boeing","BA","103734403072","169.18","United States"
"143","Keyence","6861.T","103239874156","425.69","Japan"
"144","Airbnb","ABNB","102256680960","160.95","United States"
"145","Sinopec","600028.SS","102151445114","0.9","China"
"146","Chubb","CB","101447778304","249.88","Switzerland"
"147","Boston Scientific","BSX","101408399360","68.99","United States"
"148","Automatic Data Processing","ADP","101399650304","246.84","United States"
"149","Cigna","CI","100028112896","352.65","United States"
"150","Sony","SONY","99871195136","81.81","Japan"
"151","Regeneron Pharmaceuticals","REGN","99589259264","907.32","United States"
"152","Starbucks","SBUX","99488178176","87.87","United States"
"153","Marsh & McLennan Companies","MMC","99387359232","201.71","United States"
"154","Bristol-Myers Squibb","BMY","99290972160","48.99","United States"
"155","EssilorLuxottica","EL.PA","99153641465","219.32","France"
"156","Arm Holdings","ARM","98736807936","96.04","United Kingdom"
"157","Prologis","PLD","96972783616","104.83","United States"
"158","Shopify","SHOP","95264931840","74.01","Canada"
"159","Mondelez","MDLZ","95167946752","70.75","United States"
"160","Palo Alto Networks","PANW","94826618880","293.49","United States"
"161","Mitsubishi Corporation","8058.T","94653090767","22.98","Japan"
"162","Analog Devices","ADI","94187806720","189.93","United States"
"163","NTT (Nippon Telegraph &amp; Telephone)","NPPXF","93108723712","1.095","Japan"
"164","Safran","SAF.PA","92477240420","223.82","France"
"165","Bharti Airtel","BHARTIARTL.NS","92347533416","16.08","India"
"166","ICICI Bank","IBN","92331008000","26.29","India"
"167","China Life Insurance","601628.SS","92155649385","3.99","China"
"168","Ping An Insurance","601318.SS","92088400274","5.6","China"
"169","Fiserv","FI","91487887360","155.39","United States"
"170","UBS","UBS","91099250688","28.39","Switzerland"
"171","ACWA POWER Company","2082.SR","91038886765","124.52","Saudi Arabia"
"172","TAQA","TAQA.AE","90319700869","0.8","United Arab Emirates"
"173","ABB","ABBN.SW","90212919848","48.77","Switzerland"
"174","SK Hynix","000660.KS","89972673047","130.66","South Korea"
"175","Blackstone Group","BX","89751820000","124.31","United States"
"176","Meituan","3690.HK","88849254555","14.32","China"
"177","Porsche","P911.DE","88795170000","97.47","Germany"
"178","CSL","CSL.AX","87709836714","181.5","Australia"
"179","KLA","KLAC","87660036096","648.21","United States"
"180","KKR & Co.","KKR","87141277696","97.97","United States"
"181","China Yangtze Power","600900.SS","86754455842","3.55","China"
"182","CVS Health","CVS","86342877184","68.5","United States"
"183","Dell","DELL","86104489984","120.63","United States"
"184","Fast Retailing","9983.T","85325141514","278.19","Japan"
"185","Mercedes-Benz","MBG.DE","84837924078","79.3","Germany"
"186","Southern Copper","SCCO","84764114944","109.64","United States"
"187","HCA Healthcare","HCA","84484440064","319.43","United States"
"188","GlaxoSmithKline","GSK","84254564352","41.24","United Kingdom"
"189","AXA","CS.PA","84221962527","37.4","France"
"190","Al Rajhi Bank","1120.SR","83975773080","20.99","Saudi Arabia"
"191","Waste Management","WM","83782787072","208.78","United States"
"192","Gilead Sciences","GILD","83584393216","67.03","United States"
"193","Shin-Etsu Chemical","4063.T","83521423714","41.86","Japan"
"194","Canadian National Railway","CNI","82847055872","129.4","Canada"
"195","State Bank of India","SBIN.NS","82773611960","9.27","India"
"196","BNP Paribas","BNP.PA","82659832872","72.87","France"
"197","Canadian Natural Resources","CNQ","82539659264","77.07","Canada"
"198","Hitachi","6501.T","82037426247","88.53","Japan"
"199","Compagnie Financière Richemont","CFR.SW","81934716168","141.86","Switzerland"
"200","Canadian Pacific Railway","CP","81803026432","87.72","Canada"
"201","American Tower","AMT","81335435264","174.18","United States"
"202","Synopsys","SNPS","80466960384","527.5","United States"
"203","General Dynamics","GD","80312999936","292.72","United States"
"204","Southern Company","SO","80181649408","73.25","United States"
"205","Chipotle Mexican Grill","CMG","79932801024","2915","United States"
"206","Wuliangye Yibin","000858.SZ","79511504966","20.48","China"
"207","BYD","002594.SZ","79379593596","28.44","China"
"208","Equinor","EQNR","79366135808","27.12","Norway"
"209","Santander","SAN","79130419200","4.99","Spain"
"210","RELX","RELX","79072681984","42.26","United Kingdom"
"211","Diageo","DEO","78649548800","140.48","United Kingdom"
"212","Arista Networks","ANET","78527397888","251.18","United States"
"213","CME Group","CME","78043267072","216.77","United States"
"214","Iberdrola","IBE.MC","77761906430","12.36","Spain"
"215","EOG Resources","EOG","77539115008","134.8","United States"
"216","Target","TGT","76875997184","166.51","United States"
"217","Sherwin-Williams","SHW","76828762112","302.36","United States"
"218","Cadence Design Systems","CDNS","76808060928","281.76","United States"
"219","Ferrari","RACE","76484198400","424.74","Italy"
"220","Atlas Copco","ATCO-B.ST","76020006638","14.25","Sweden"
"221","Intercontinental Exchange","ICE","75881857024","132.33","United States"
"222","Life Insurance Corporation of India (LIC)","LICI.NS","75773476040","11.98","India"
"223","Duke Energy","DUK","75757363200","98.2","United States"
"224","Bank Central Asia","BBCA.JK","75358468497","0.61","Indonesia"
"225","Enbridge","ENB","75288395776","35.42","Canada"
"226","Sumitomo Mitsui Financial Group","SMFG","74960388096","11.41","Japan"
"227","Stellantis","STLA","74900709376","24.96","Netherlands"
"228","Illinois Tool Works","ITW","74877444096","250.64","United States"
"229","Investor AB","INVE-B.ST","74817260975","24.87","Sweden"
"230","Altria Group","MO","73634791424","42.87","United States"
"231","SoftBank","9984.T","73405478306","50.08","Japan"
"232","China Telecom","0728.HK","73331279609","0.56","China"
"233","Mitsui Bussan","8031.T","72953446828","48.72","Japan"
"234","Colgate-Palmolive","CL","72811520000","88.58","United States"
"235","CrowdStrike","CRWD","72476041216","299.65","United States"
"236","AIA","1299.HK","72428811830","6.45","Hong Kong"
"237","BMW","BMW.DE","72360923812","114","Germany"
"238","Equinix","EQIX","72307515392","761.9","United States"
"239","DBS Group","D05.SI","72260420325","25.41","Singapore"
"240","Marathon Petroleum","MPC","71941079040","199.65","United States"
"241","Zurich Insurance Group","ZURN.SW","71661797951","497.69","Switzerland"
"242","Infosys","INFY","71605936128","17.16","India"
"243","Merck KGaA","MRK.DE","71539552555","164.54","Germany"
"244","Glencore","GLCNF","71428456448","5.73","Switzerland"
"245","Sberbank","SBER.ME","71212070548","3.34","Russia"
"246","Volkswagen","VOW3.DE","70930104776","129.95","Germany"
"247","Schlumberger","SLB","70823796736","49.55","United States"
"248","MercadoLibre","MELI","70722871296","1395","Argentina"
"249","Parker-Hannifin","PH","70677413888","550.4","United States"
"250","Northrop Grumman","NOC","70319095808","474.68","United States"
"251","McKesson","MCK","69909053440","532","United States"
"252","Moody's","MCO","69769723904","382.17","United States"
"253","Thomson Reuters","TRI","69258338304","153.59","Canada"
"254","National Australia Bank","NAB.AX","69163051959","22.16","Australia"
"255","Freeport-McMoRan","FCX","69105598464","47.99","United States"
"256","Marriott International","MAR","69092802560","239.69","United States"
"257","TransDigm","TDG","69085265920","1242.4","United States"
"258","Intesa Sanpaolo","ISP.MI","68810032195","3.77","Italy"
"259","Amphenol","APH","68735614976","114.26","United States"
"260","Zoetis","ZTS","68340994048","149.56","United States"
"261","Bank of Montreal","BMO","68061151232","93.82","Canada"
"262","Vinci","DG.PA","67990047034","119.4","France"
"263","CSX Corporation","CSX","67875172352","34.72","United States"
"264","Workday","WDAY","67848765440","256.82","United States"
"265","PayPal","PYPL","67821596672","64.43","United States"
"266","Becton Dickinson","BDX","67707076608","234.36","United States"
"267","Cintas","CTAS","67607842816","666.33","United States"
"268","Phillips 66","PSX","67471417344","158.84","United States"
"269","Trane Technologies","TT","67006676992","295.09","Ireland"
"270","FedEx","FDX","66872508416","271.75","United States"
"271","Enel","ENEL.MI","66564996085","6.55","Italy"
"272","Foxconn (Hon Hai Precision Industry)","2317.TW","66443205973","4.79","Taiwan"
"273","Walmex","WMMVF","66365722624","3.804","Mexico"
"274","Rosneft","ROSN.ME","66064450746","6.28","Russia"
"275","British American Tobacco","BTI","65932394496","29.56","United Kingdom"
"276","LG Energy Solution","373220.KS","65722664958","280.87","South Korea"
"277","Banco Bilbao Vizcaya Argentaria","BBVA","65701507072","11.4","Spain"
"278","Midea","000333.SZ","65333791375","9.37","China"
"279","Recruit","6098.T","65257441111","42.26","Japan"
"280","Apollo Global Management","APO","64639676416","113.77","United States"
"281","ITC","ITC.NS","64500812293","5.17","India"
"282","O'Reilly Automotive","ORLY","64478142464","1092.35","United States"
"283","Pioneer Natural Resources","PXD","64300064768","275.23","United States"
"284","Nongfu Spring","9633.HK","64103523149","5.7","China"
"285","Itōchū Shōji","8001.T","64095405278","44.45","Japan"
"286","ADNOC Gas","ADNOCGAS.AE","63954293319","0.83","United Arab Emirates"
"287","U.S. Bancorp","USB","63913201664","40.97","United States"
"288","SABIC","2010.SR","63862141470","21.29","Saudi Arabia"
"289","Hindustan Unilever","HINDUNILVR.NS","63545793230","27.05","India"
"290","UniCredit","UCG.MI","63265597464","37.83","Italy"
"291","Postal Savings Bank of China","601658.SS","62898238410","0.66","China"
"292","Ecolab","ECL","62803431424","219.66","United States"
"293","Emerson","EMR","62755504128","109.77","United States"
"294","PNC Financial Services","PNC","62736187392","157.61","United States"
"295","Tokio Marine","8766.T","62725226544","31.8","Japan"
"296","Munich RE (Münchener Rück)","MUV2.DE","62701864519","465.84","Germany"
"297","Enterprise Products","EPD","62684110848","28.91","United States"
"298","Siemens Healthineers","SHL.DE","62325557130","55.86","Germany"
"299","Zijin Mining","601899.SS","62047209275","2.42","China"
"300","Aon","AON","61890174976","311.86","United Kingdom"
"301","Foxconn Industrial Internet","601138.SS","61684335422","3.11","China"
"302","Bank of Communications","601328.SS","61432393207","0.95","China"
"303","Itaú Unibanco","ITUB","61263003648","6.25","Brazil"
"304","Brookfield Corporation","BN","61125832704","40.37","Canada"
"305","Spotify","SPOT","60154564608","303.31","Sweden"
"306","Larsen &amp; Toubro","LT.NS","60145120945","43.72","India"
"307","Republic Services","RSG","60037386240","190.61","United States"
"308","London Stock Exchange","LSEG.L","60033965355","112.09","United Kingdom"
"309","NetEase","NTES","60025683968","93.07","China"
"310","Westpac Banking","WBC.AX","59814303135","17.07","Australia"
"311","Occidental Petroleum","OXY","59738877952","67.39","United States"
"312","Paccar","PCAR","59380928512","113.32","United States"
"313","Constellation Energy","CEG","59321528320","188.25","United States"
"314","The Saudi National Bank","1180.SR","59302357182","9.98","Saudi Arabia"
"315","KDDI","9433.T","58558908396","28.12","Japan"
"316","Daiichi Sankyō","4568.T","58551818848","30.54","Japan"
"317","Lukoil","LKOH.ME","58295871198","84.22","Russia"
"318","Constellation Software","CSU.TO","57866881625","2730.66","Canada"
"319","America Movil","AMX","57803571200","18.64","Mexico"
"320","Scotiabank","BNS","57794531328","47.29","Canada"
"321","NXP Semiconductors","NXPI","57777594368","225.61","Netherlands"
"322","Roper Technologies","ROP","57751212032","539.62","United States"
"323","Motorola Solutions","MSI","57570701312","345.55","United States"
"324","Coinbase","COIN","57281077248","236.43","United States"
"325","Nintendo","7974.T","56656634940","48.5","Japan"
"326","Monster Beverage","MNST","56271425536","53.73","United States"
"327","Capital One","COF","56259973120","147.9","United States"
"328","ANZ Bank","ANZ.AX","55831750296","18.6","Australia"
"329","Honda","HMC","55582855168","34.58","Japan"
"330","Norfolk Southern","NSC","55350808576","245.03","United States"
"331","Marvell Technology Group","MRVL","55302762496","63.86","United States"
"332","Valero Energy","VLO","55196725248","167.54","United States"
"333","ING","ING","55161954304","16.72","Netherlands"
"334","Heineken","HEIA.AS","55029496817","97.11","Netherlands"
"335","Welltower","WELL","54925996032","92.93","United States"
"336","Alimentation Couche-Tard","ATD.TO","54773619024","56.95","Canada"
"337","Chugai Pharmaceutical","4519.T","54728209587","33.26","Japan"
"338","Bajaj Finance","BAJFINANCE.NS","54658510326","88.07","India"
"339","Dassault Systèmes","DSY.PA","54169275408","41.24","France"
"340","Cement Roadstone Holding","CRH","54126051328","78.79","Ireland"
"341","Simon Property Group","SPG","53862572032","143.78","United States"
"342","Energy Transfer Partners","ET","53547380736","15.9","United States"
"343","Universal Music Group","UMG.AS","53426336980","29.33","Netherlands"
"344","Estee Lauder","EL","53405302784","148.98","United States"
"345","Denso","6902.T","53403591525","18.35","Japan"
"346","ENI","E","53184425984","33.3","Italy"
"347","DexCom","DXCM","53067481088","134","United States"
"348","Volvo Group","VOLVF","52909101056","26.03","Sweden"
"349","Edwards Lifesciences","EW","52819091456","87.75","United States"
"350","Maaden","1211.SR","52687573407","13.95","Saudi Arabia"
"351","Vale","VALE","52262830080","12.21","Brazil"
"352","DoorDash","DASH","52261957632","129.36","United States"
"353","Copart","CPRT","52217004032","54.31","United States"
"354","MetLife","MET","52216508416","72.22","United States"
"355","Nu Holdings","NU","52044066816","10.92","Brazil"
"356","Truist Financial","TFC","51971801088","38.84","United States"
"357","Air Products and Chemicals","APD","51953967104","233.71","United States"
"358","Arthur J. Gallagher & Co.","AJG","51927736320","237.87","United States"
"359","Atlassian","TEAM","51736133632","199.44","Australia"
"360","Saudi Telecom Company","7010.SR","51590920133","10.26","Saudi Arabia"
"361","Xiaomi","XIACF","51469099008","2.06","China"
"362","3M","MMM","51462574080","93","United States"
"363","General Motors","GM","51457294336","45.1","United States"
"364","Ford","F","51418771456","12.94","United States"
"365","AutoZone","AZO","51234578432","2961.04","United States"
"366","Snowflake","SNOW","50521014272","151.17","United States"
"367","American International Group","AIG","50505216000","74.93","United States"
"368","BAE Systems","BA.L","50447513006","16.69","United Kingdom"
"369","Suncor Energy","SU","50386837504","39.15","Canada"
"370","Fortescue","FMG.AX","50075345413","16.14","Australia"
"371","Mizuho Financial Group","MFG","50062696448","3.95","Japan"
"372","Oriental Land","4661.T","50011462857","30.53","Japan"
"373","National Grid","NGG","49725546496","66.84","United Kingdom"
"374","Carrier","CARR","49631678464","55.14","United States"
"375","Hilton Worldwide","HLT","49526988800","197.04","United States"
"376","Fortinet","FTNT","49444409344","64.8","United States"
"377","MediaTek","2454.TW","49400780068","31.03","Taiwan"
"378","DHL Group (Deutsche Post)","DHL.DE","49386662463","41.82","Germany"
"379","The Travelers Companies","TRV","49077780480","214.32","United States"
"380","Maruti Suzuki India","MARUTI.NS","49008872319","155.88","India"
"381","BASF","BAS.DE","48822043470","54.7","Germany"
"382","D. R. Horton","DHI","48748056576","148.03","United States"
"383","Wesfarmers","WES.AX","48722928802","42.69","Australia"
"384","Holcim Group","HOLN.SW","48553061859","86.42","Switzerland"
"385","Bank Rakyat Indonesia","BBRI.JK","48539877889","0.32","Indonesia"
"386","Hess","HES","48353685504","156.94","United States"
"387","HCL Technologies","HCLTECH.NS","48274155090","17.83","India"
"388","Aflac","AFL","48190418944","83.75","United States"
"389","Japan Tobacco","2914.T","48149904637","27.12","Japan"
"390","Palantir","PLTR","47883476992","21.64","United States"
"391","Constellation Brands","STZ","47877500928","261.66","United States"
"392","Mindray","300760.SZ","47840981517","39.46","China"
"393","Interactive Brokers","IBKR","47802793984","114.69","United States"
"394","Old Dominion Freight Line","ODFL","47715328000","219.28","United States"
"395","Cencora","COR","47364485120","237.69","United States"
"396","Compass Group","CPG.L","47300654125","27.78","United Kingdom"
"397","Williams Companies","WMB","47250325504","38.78","United States"
"398","Macquarie","MQG.AX","47088480176","122.26","Australia"
"399","W. W. Grainger","GWW","46961020928","955.79","United States"
"400","Oneok","OKE","46895472640","80.35","United States"
"401","OCBC Bank","O39.SI","46873050896","10.42","Singapore"
"402","Adyen","ADYEN.AS","46865652979","1509.53","Netherlands"
"403","Autodesk","ADSK","46618497024","217.93","United States"
"404","Crédit Agricole","ACA.PA","46602597490","15.4","France"
"405","Microchip Technology","MCHP","46576041984","86.19","United States"
"406","Block","SQ","46306271232","75.21","United States"
"407","Kraft Heinz","KHC","46279417856","38.07","United States"
"408","Allstate","ALL","46231678976","175.28","United States"
"409","Public Storage","PSA","46200541184","262.22","United States"
"410","Kaspi.kz Joint Stock Company","KKS.F","46028065282","119.94","Kazakhstan"
"411","Realty Income","O","45976797184","53.39","United States"
"412","Kering","KER.PA","45973406622","375.03","France"
"413","lululemon athletica","LULU","45952598016","364.68","Canada"
"414","Grupo México","GMBXF","45827014656","5.81","Mexico"
"415","Kimberly-Clark","KMB","45805887488","136.04","United States"
"416","Industrial Bank","601166.SS","45587855899","2.19","China"
"417","Sika","SIKA.SW","45341267250","282.62","Switzerland"
"418","Sempra Energy","SRE","45242695680","71.52","United States"
"419","American Electric Power","AEP","45055041536","85.56","United States"
"420","CIBC","CM","45007560704","48.02","Canada"
"421","CITIC Bank","601998.SS","44987751423","0.96","China"
"422","Ross Stores","ROST","44626010112","133.09","United States"
"423","Supermicro","SMCI","44607205376","761.86","United States"
"424","Sun Pharmaceutical","SUNPHARMA.NS","44532326315","17.89","India"
"425","United Rentals","URI","44421066752","661.32","United States"
"426","Johnson Controls","JCI","44413161472","65.17","Ireland"
"427","Pacific Gas and Electric","PCG","44346662912","16.96","United States"
"428","TE Connectivity","TEL","44229279744","143.23","Switzerland"
"429","Digital Realty","DLR","44155469824","138.53","United States"
"430","Kotak Mahindra Bank","KOTAKBANK.NS","43862728744","22.06","India"
"431","Paychex","PAYX","43778703360","121.62","United States"
"432","Rolls-Royce Holdings","RR.L","43741633873","5.2","United Kingdom"
"433","Adidas","ADS.DE","43576049141","244.06","Germany"
"434","Newmont","NEM","43471712256","37.71","United States"
"435","Hyundai","HYMTF","43440431104","55","South Korea"
"436","IQVIA","IQV","43432181760","238.62","United States"
"437","Tata Motors","TATAMOTORS.NS","42965969502","11.89","India"
"438","Keurig Dr Pepper","KDP","42958258176","31.76","United States"
"439","Bank of New York Mellon","BK","42954551296","57.44","United States"
"440","Lennar","LEN","42914033664","155.7","United States"
"441","Ferguson","FERG","42883682304","211.9","United Kingdom"
"442","Waste Connections","WCN","42875019264","166.17","United States"
"443","Manulife Financial","MFC","42598821888","23.59","Canada"
"444","Dominion Energy","D","42440835072","50.67","United States"
"445","Hoya","7741.T","42293430111","120.66","Japan"
"446","Ares Management","ARES","42281693184","136.5","United States"
"447","Datadog","DDOG","42258022400","126.44","United States"
"448","Nordea Bank","NDA-FI.HE","42228860792","12.06","Finland"
"449","Adani Enterprises","ADANIENT.NS","42171748929","36.99","India"
"450","Jingdong Mall","JD","42157834240","27.55","China"
"451","Oil &amp; Natural Gas","ONGC.NS","42083392713","3.34","India"
"452","Takeda Pharmaceutical","TAK","41984163840","13.38","Japan"
"453","MPLX","MPLX","41924665344","41.48","United States"
"454","Nucor","NUE","41910108160","174.64","United States"
"455","Hikvision","002415.SZ","41839353358","4.48","China"
"456","Fomento Económico Mexicano","FMX","41643440740","116.38","Mexico"
"457","Kinder Morgan","KMI","41635569664","18.76","United States"
"458","Lonza","LONN.SW","41633412910","577.31","Switzerland"
"459","Infineon","IFX.DE","41613052765","31.92","Germany"
"460","Gazprom","GAZP.ME","41589530717","1.77","Russia"
"461","Ametek","AME","41583480832","179.85","United States"
"462","Crown Castle","CCI","41529450496","95.47","United States"
"463","ENGIE","ENGI.PA","41472815527","17.1","France"
"464","Fidelity National Information Services","FIS","41447903232","71.9","United States"
"465","Moderna","MRNA","41308921856","107.89","United States"
"466","Samsung Biologics","207940.KS","41071108168","577.05","South Korea"
"467","IDEXX Laboratories","IDXX","41012113408","493.8","United States"
"468","Grayscale Bitcoin Trust","GBTC","40995225600","59.21","United States"
"469","Danone","BN.PA","40967627912","63.83","France"
"470","Ameriprise Financial","AMP","40846868480","407.69","United States"
"471","Agilent Technologies","A","40793255936","139.2","United States"
"472","NTPC Limited","NTPC.NS","40763300598","4.2","India"
"473","Novatek","NVTK.ME","40724774780","13.48","Russia"
"474","Centene","CNC","40567267328","75.84","United States"
"475","Coupang","CPNG","40517029888","22.72","South Korea"
"476","Lloyds Banking Group","LYG","40515067904","2.56","United Kingdom"
"477","Emirates Telecom (Etisalat Group)","EAND.AE","40448917115","4.65","United Arab Emirates"
"478","Bank Mandiri","BMRI.JK","40299599838","0.43","Indonesia"
"479","Prudential Financial","PRU","40268529664","112.05","United States"
"480","Givaudan","GIVN.SW","40265873949","4363.8","Switzerland"
"481","Dow","DOW","40171294720","56.74","United States"
"482","Kroger","KR","40147505152","55.63","United States"
"483","Cummins","CMI","40029364224","292.7","United States"
"484","General Mills","GIS","39981359104","70.82","United States"
"485","Alcon","ALC","39896088576","80.76","Switzerland"
"486","Cenovus Energy","CVE","39700242432","21.27","Canada"
"487","Chandra Asri Petrochemical","TPIA.JK","39630131382","0.46","Indonesia"
"488","The Trade Desk","TTD","39621177344","81.07","United States"
"489","Humana","HUM","39537664000","327.98","United States"
"490","Banco Santander Brasil","BSBR","39521009664","5.29","Brazil"
"491","L3Harris Technologies","LHX","39477891072","207.68","United States"
"492","Yum! Brands","YUM","39438151680","140.1","United States"
"493","Otis Worldwide","OTIS","39395520512","97.47","United States"
"494","GE HealthCare Technologies","GEHC","39353724928","86.24","United States"
"495","Axis Bank","AXISBANK.BO","39339741106","12.74","India"
"496","Bayan Resources","BYAN.JK","39333335300","1.18","Indonesia"
"497","Pernod Ricard","RI.PA","39212738865","155.39","France"
"498","Kuwait Finance House","KFH.KW","39204436586","2359.62","Kuwait"
"499","Goodman Group","GMG.AX","38821177126","20.44","Australia"
"500","CaixaBank","CABK.MC","38684338197","5.29","Spain"
"501","Titan Company","TITAN.NS","38682525243","43.61","India"
"502","Alpha Dhabi","ALPHADHABI.AE","38667864826","3.87","United Arab Emirates"
"503","Fastenal","FAST","38652649472","67.51","United States"
"504","Hong Kong Exchanges & Clearing","0388.HK","38649317056","30.48","Hong Kong"
"505","Corteva","CTVA","38564200448","55.18","United States"
"506","UOB","U11.SI","38483560232","22.98","Singapore"
"507","Charter Communications","CHTR","38451433472","266.31","United States"
"508","Haleon","HLN","38401323008","8.41","United Kingdom"
"509","Generali","G.MI","38389538488","24.73","Italy"
"510","Jiangsu Hengrui Medicine","600276.SS","38341259914","6.01","China"
"511","Daikin","6367.T","38320398639","130.9","Japan"
"512","Sysco","SYY","38312996864","76.96","United States"
"513","The Hershey Company","HSY","38203981824","187.08","United States"
"514","Compagnie de Saint-Gobain","SGO.PA","37883153052","75.46","France"
"515","Imperial Oil","IMO","37781868544","70.51","Canada"
"516","Daimler Truck","DTG.F","37608043795","46.7","Germany"
"517","Exelon Corporation","EXC","37550047232","37.56","United States"
"518","First Abu Dhabi Bank","FAB.AE","37544374465","3.4","United Arab Emirates"
"519","DMart","DMART.NS","37507660827","57.64","India"
"520","Capgemini","CAP.PA","37493322459","218.89","France"
"521","Experian","EXPGF","37408030720","41","Ireland"
"522","TC Energy","TRP","37380763648","36.03","Canada"
"523","Reckitt Benckiser","RKT.L","37370850470","52.94","United Kingdom"
"524","Deutsche Börse","DB1.DE","37317770829","201.6","Germany"
"525","Kenvue","KVUE","37086773248","19.37","United States"
"526","Japan Post Bank","7182.T","36956479968","10.22","Japan"
"527","Luzhou Laojiao","000568.SZ","36921645649","25.08","China"
"528","Quanta Services","PWR","36881448960","251.95","United States"
"529","Exor","EXO.AS","36727791990","109.34","Netherlands"
"530","Martin Marietta","MLM","36684861440","594.39","United States"
"531","Cheniere Energy","LNG","36652032000","158.9","United States"
"532","Ingersoll Rand","IR","36539199488","90.57","Ireland"
"533","Wanhua Chemical","600309.SS","36469217869","11.62","China"
"534","Diamondback Energy","FANG","36447346688","204.37","United States"
"535","Barclays","BCS","36421947392","9.7","United Kingdom"
"536","Wolters Kluwer","WKL.AS","36342902652","152.55","Netherlands"
"537","Ambev","ABEV","36210741248","2.3","Brazil"
"538","STMicroelectronics","STM","35992514560","39.98","Switzerland"
"539","MSCI","MSCI","35333992448","446","United States"
"540","QNB (Qatar National Bank)","QNBK.QA","35270980079","3.82","Qatar"
"541","Sea (Garena)","SE","35268743168","62.01","Singapore"
"542","Arch Capital","ACGL","35181096960","93.78","Bermuda"
"543","Anglo American","AAL.L","35173604674","26.3","United Kingdom"
"544","Nasdaq","NDAQ","35173117952","61.09","United States"
"545","Royal Caribbean","RCL","35171475456","136.67","United States"
"546","Woodside Energy","WDS","35050921984","18.46","Australia"
"547","Gartner","IT","35047698432","450.26","United States"
"548","E.ON","EOAN.DE","35016047359","13.41","Germany"
"549","Thales","HO.PA","34929929595","170","France"
"550","Murata Manufacturing (Murata Seisakusho)","6981.T","34763656353","18.4","Japan"
"551","Partners Group","PGHN.SW","34732716194","1336.89","Switzerland"
"552","3i Group","III.L","34665636793","35.61","United Kingdom"
"553","7-Eleven","3382.T","34578183755","13.23","Japan"
"554","Adani Green Energy","ADANIGREEN.NS","34570583214","21.82","India"
"555","CoStar Group","CSGP","34554068992","84.62","United States"
"556","CITIC Securities","600030.SS","34513792806","2.51","China"
"557","Baidu","BIDU","34491895808","98.23","China"
"558","Adani Ports & SEZ","ADANIPORTS.NS","34436320551","15.94","India"
"559","Vulcan Materials","VMC","34303420416","259.34","United States"
"560","Las Vegas Sands","LVS","34279610368","46.01","United States"
"561","Halliburton","HAL","34206328832","38.59","United States"
"562","Loblaw Companies","L.TO","34026892914","110.03","Canada"
"563","Electronic Arts","EA","33990879232","127.14","United States"
"564","Disco Corp.","6146.T","33883110110","312.74","Japan"
"565","Haier Smart Home","600690.SS","33879215811","3.87","China"
"566","Naspers","NPSNY","33776449536","37.26","South Africa"
"567","Cognizant Technology Solutions","CTSH","33738749952","67.77","United States"
"568","Flutter Entertainment","FLUT","33686296576","189.89","Ireland"
"569","Mitsubishi Electric","6503.T","33549985993","16.07","Japan"
"570","UltraTech Cement","ULTRACEMCO.NS","33472341828","115.76","India"
"571","Beiersdorf","BEI.DE","33422892851","147.35","Germany"
"572","Kia","000270.KS","33390984372","85.14","South Korea"
"573","Devon Energy","DVN","33381949440","52.57","United States"
"574","Muyuan Foods","002714.SZ","33264591949","6.09","China"
"575","PSEG","PEG","33151049728","66.49","United States"
"576","Baker Hughes","BKR","33148497920","33","United States"
"577","Restaurant Brands International","QSR","33129691136","74.35","Canada"
"578","Asian Paints","ASIANPAINT.NS","33082577770","34.5","India"
"579","HubSpot","HUBS","33028626432","651.78","United States"
"580","Coal India","COALINDIA.NS","33013145134","5.33","India"
"581","Kühne + Nagel","KNIN.SW","33010062091","265.4","Switzerland"
"582","SMC corp","6273.T","33000982769","514.48","Japan"
"583","Deutsche Bank","DB","32868825088","16.5","Germany"
"584","EQT","EQT.ST","32755917576","27.65","Sweden"
"585","LyondellBasell","LYB","32722892800","100.55","United States"
"586","Trip.com","TCOM","32617652224","50.48","China"
"587","Dubai Electricity and Water Authority (DEWA)","DEWA.AE","32540915877","0.65","United Arab Emirates"
"588","Ryanair","RYAAY","32502681600","142.55","Ireland"
"589","Veeva Systems","VEEV","32440848384","201.1","United States"
"590","Swiss Re","SREN.SW","32438144020","111.7","Switzerland"
"591","BTG Pactual","BPAC3.SA","32430274368","3.22","Brazil"
"592","Discover Financial Services","DFS","32383021056","129.24","United States"
"593","Powergrid Corporation of India","POWERGRID.NS","32368754869","3.48","India"
"594","Global Payments","GPN","32362633216","126.87","United States"
"595","CDW Corporation","CDW","32311472128","240.47","United States"
"596","DSV","DSV.VI","32260362253","154.64","Denmark"
"597","Invest Bank","INVESTB.AE","32249936542","0.12","United Arab Emirates"
"598","Anta Sports","2020.HK","32200699043","11.37","China"
"599","Consolidated Edison","ED","32096735232","92.84","United States"
"600","Hindustan Aeronautics","HAL.NS","32085842458","47.98","India"
"601","Coca-Cola European Partners","CCEP","31819085824","69.13","United Kingdom"
"602","Delta Air Lines","DAL","31768709120","49.23","United States"
"603","Verisk Analytics","VRSK","31724408832","222.25","United States"
"604","Hapag-Lloyd","HLAG.DE","31715100347","180.45","Germany"
"605","Xylem","XYL","31686397952","130.72","United States"
"606","NatWest Group","NWG","31669282816","7.26","United Kingdom"
"607","Rockwell Automation","ROK","31665205248","276.33","United States"
"608","Bank of China (Hong Kong)","2388.HK","31650161656","2.99","Hong Kong"
"609","Bajaj Finserv","BAJAJFINSV.NS","31567088902","19.73","India"
"610","Dollar General","DG","31353643008","142.73","United States"
"611","Agnico Eagle Mines","AEM","31351148544","62.92","Canada"
"612","WEG ON","WEGE3.SA","31321278833","7.41","Brazil"
"613","Orange","ORAN","31319740416","11.65","France"
"614","Ashtead","AHT.L","31116892639","71.3","United Kingdom"
"615","Assa Abloy","ASAZF","31102658560","27.2","Sweden"
"616","Archer Daniels Midland (ADM)","ADM","31003998208","61.79","United States"
"617","Japan Post Holdings","6178.T","30983654245","9.67","Japan"
"618","Sumitomo","8053.T","30930218555","25.31","Japan"
"619","Dupont De Nemours","DD","30853861376","73.8","United States"
"620","Quanta Computer","2382.TW","30852743760","8","Taiwan"
"621","Banco do Brasil","BBAS3.SA","30731188270","5.38","Brazil"
"622","Xcel Energy","XEL","30700828672","55.27","United States"
"623","PPG Industries","PPG","30585833472","130.43","United States"
"624","Henkel","HEN3.DE","30546700775","77.19","Germany"
"625","KBC","KBCSF","30403633152","73.971","Belgium"
"626","Hannover Rück","HNR1.DE","30375256989","251.87","Germany"
"627","Mahindra &amp; Mahindra","M&M.NS","30367801072","25.01","India"
"628","BCE","BCE","30342264832","33.26","Canada"
"629","Banorte","GFNORTEO.MX","30305613417","10.51","Mexico"
"630","Vertiv Holdings","VRT","30240563200","79.17","United States"
"631","China State Construction Engineering","601668.SS","30214365375","0.73","China"
"632","Sun Life Financial","SLF","30200600576","51.85","Canada"
"633","DSM-Firmenich","DSFIR.AS","30156240737","113.68","Switzerland"
"634","Gree Electric Appliances","000651.SZ","30109423747","5.35","China"
"635","QNB Finansbank","QNBFB.IS","29968827674","8.95","Turkey"
"636","Fujitsu","6702.T","29937041942","16.28","Japan"
"637","Chunghwa Telecom","CHT","29936001024","38.59","Taiwan"
"638","Bridgestone","5108.T","29891806292","43.66","Japan"
"639","Cloudflare","NET","29858985984","87.88","United States"
"640","VICI Properties","VICI","29812940800","28.58","United States"
"641","Monolithic Power Systems","MPWR","29749874688","611.37","United States"
"642","The Hartford","HIG","29738819584","100.03","United States"
"643","Shanghai Pudong Development Bank","600000.SS","29734619622","1.01","China"
"644","Dr. Sulaiman Al Habib Medical Services Group Company","4013.SR","29690293113","84.83","Saudi Arabia"
"645","Toyota Industries","6201.T","29683233414","95.6","Japan"
"646","Hexagon","HXGBF","29601884160","11.4825","Sweden"
"647","Swisscom","SCMN.SW","29542021539","565.9","Switzerland"
"648","FICO","FICO","29529014272","1188.19","United States"
"649","Bajaj Auto","BAJAJ-AUTO.NS","29512736041","105.71","India"
"650","Mitsubishi Heavy Industries","7011.T","29471271501","8.77","Japan"
"651","Barrick Gold","GOLD","29301633024","16.69","Canada"
"652","Kuaishou Technology","1024.HK","29259132793","6.75","China"
"653","Marubeni","8002.T","29226702408","17.45","Japan"
"654","DNB","DNB.OL","29188971400","19.13","Norway"
"655","China Pacific Insurance","601601.SS","29181220943","3.41","China"
"656","Extra Space Storage","EXR","29166329856","133.28","United States"
"657","Jio Financial Services","JIOFIN.NS","29153568935","4.59","India"
"658","Singtel","Z74.SI","29134612269","1.77","Singapore"
"659","Coloplast","COLO-B.CO","29069522144","131.57","Denmark"
"660","Nestlé India","NESTLEIND.NS","29017691266","30.1","India"
"661","MS&amp;AD Insurance","8725.T","28977823384","18.28","Japan"
"662","Indian Oil","IOC.NS","28956446991","2.02","India"
"663","Renesas Electronics","6723.T","28935963226","16.28","Japan"
"664","Wipro","WIT","28918245376","5.51","India"
"665","Foshan Haitian Flavouring and Food","603288.SS","28840588592","5.19","China"
"666","Intact Financial","IFC.TO","28801991917","161.52","Canada"
"667","Bayer","BAYN.DE","28768884129","29.28","Germany"
"668","The People's Insurance Company (PICC)","601319.SS","28739696836","0.73","China"
"669","Skandinaviska Enskilda Banken","SEB-A.ST","28700090952","13.89","Sweden"
"670","West Pharmaceutical","WST","28564748288","390.2","United States"
"671","Ansys","ANSS","28457181184","325.97","United States"
"672","Mitsui Fudosan","8801.T","28411306200","10.14","Japan"
"673","Fortive","FTV","28407447552","80.7","United States"
"674","Canon","7751.T","28321914922","28.67","Japan"
"675","Banco Bradesco","BBD","28248135680","2.66","Brazil"
"676","Aena","AENA.MC","28239452662","188.26","Spain"
"677","Ahold Delhaize","AD.AS","28187610058","29.86","Netherlands"
"678","Fanuc","6954.T","28169875603","29.79","Japan"
"679","Ping An Bank","000001.SZ","28095380704","1.45","China"
"680","Biogen","BIIB","28080834560","193.18","United States"
"681","ASM International","ASM.AS","28017164172","569.29","Netherlands"
"682","Publicis Groupe","PUB.PA","27912579756","111.85","France"
"683","National Bank of Canada","NA.TO","27754166111","81.67","Canada"
"684","Equifax","EFX","27745726464","224.46","United States"
"685","Adani Power","ADANIPOWER.NS","27733525936","7.19","India"
"686","Telstra","TLS.AX","27714998489","2.39","Australia"
"687","Emirates NBD Bank PJSC","EMIRATESNBD.AE","27693069050","4.38","United Arab Emirates"
"688","Komatsu","6301.T","27654205781","29.23","Japan"
"689","Tractor Supply","TSCO","27626274816","255.96","United States"
"690","Amadeus IT Group","AMS.MC","27520612996","63.18","Spain"
"691","Great-West Lifeco","GWO.TO","27495006700","29.47","Canada"
"692","Jardine Matheson","J36.SI","27477310000","38.11","Hong Kong"
"693","Luxshare Precision","002475.SZ","27431697101","3.82","China"
"694","Michelin","ML.PA","27429421313","38.45","France"
"695","Garmin","GRMN","27330138112","142.51","Switzerland"
"696","CRRC","1766.HK","27262793452","0.57","China"
"697","CITIC limited","0267.HK","27257581372","0.94","China"
"698","Edison International","EIX","27254577152","70.85","United States"
"699","Celltrion","068270.KS","27132256448","131.17","South Korea"
"700","H&amp;M","HM-B.ST","27098158152","16.83","Sweden"
"701","ResMed","RMD","27096733696","184.22","United States"
"702","HP","HPQ","27074570240","27.67","United States"
"703","East Money Information","300059.SZ","27036829043","1.71","China"
"704","Corning","GLW","26969249792","31.53","United States"
"705","Willis Towers Watson","WTW","26963388416","263.68","United Kingdom"
"706","Legrand","LR.PA","26931503909","103.02","France"
"707","AvalonBay Communities","AVB","26824433664","188.66","United States"
"708","Vestas Wind Systems","VWS.CO","26812967326","26.64","Denmark"
"709","CBRE Group","CBRE","26738327552","87.11","United States"
"710","Blue Owl Capital","OWL","26718560256","18.7","United States"
"711","Dollar Tree","DLTR","26715996160","122.56","United States"
"712","Fubon Financial","2881.TW","26713844560","2.05","Taiwan"
"713","Ferrovial","FER.MC","26680906678","36.62","Spain"
"714","MongoDB","MDB","26678761472","366.31","United States"
"715","Maybank","MLYBY","26667982848","4.42","Malaysia"
"716","Li Auto","LI","26633285632","24.81","China"
"717","Sandvik","SAND.ST","26627504828","21.23","Sweden"
"718","Sun Hung Kai Properties","0016.HK","26580807925","9.17","Hong Kong"
"719","Raymond James","RJF","26575820800","127.14","United States"
"720","Chocoladefabriken Lindt &amp; Sprüngli","LISP.SW","26554929245","11515.4","Switzerland"
"721","Mettler-Toledo","MTD","26549227520","1241.32","United States"
"722","eBay","EBAY","26547499008","51.25","United States"
"723","ON Semiconductor","ON","26512902144","61.68","United States"
"724","Zscaler","ZS","26512877568","176.92","United States"
"725","Fujifilm","4901.T","26490184265","22","Japan"
"726","Antofagasta","ANTO.L","26464888842","26.84","United Kingdom"
"727","DLF","DLF.NS","26449307087","10.69","India"
"728","Howmet Aerospace","HWM","26446884864","64.76","United States"
"729","Splunk","SPLK","26443769856","156.9","United States"
"730","Schindler Group","SCHN.SW","26273821693","242.92","Switzerland"
"731","Wabtec","WAB","26254530560","148.48","United States"
"732","PTT PCL","PTT-R.BK","26156592109","0.92","Thailand"
"733","Transurban","TCL.AX","26121454598","8.41","Australia"
"734","Evolution Gaming","EVO.ST","26053127098","123.45","Sweden"
"735","Church & Dwight","CHD","26027102208","106.71","United States"
"736","Verbund AG","OEWA.F","25970017323","75.5","Austria"
"737","Advantest","6857.T","25907852717","35.1","Japan"
"738","WEC Energy Group","WEC","25884688384","81.96","United States"
"739","Nutrien","NTR","25851854848","52.27","Canada"
"740","Targa Resources","TRGP","25816287232","116.01","United States"
"741","Prudential","PUK","25709510656","18.7","United Kingdom"
"742","Terumo","4543.T","25696024537","17.31","Japan"
"743","Nornickel","GMKN.ME","25686943371","1.69","Russia"
"744","Fairfax Financial","FFH.TO","25674244478","1083.75","Canada"
"745","JSW Steel","JSWSTEEL.NS","25665805994","10.49","India"
"746","Novozymes","NZYM.VI","25661556239","55.84","Denmark"
"747","GlobalFoundries","GFS","25640771584","46.35","United States"
"748","Keysight","KEYS","25624821760","146.8","United States"
"749","Danske Bank","DANS.VI","25624530820","30","Denmark"
"750","Associated British Foods","ABF.L","25585710916","34.02","United Kingdom"
"751","Woolworths Group","WOW.AX","25535887616","20.9","Australia"
"752","RWE","RWE.DE","25434615995","34.19","Germany"
"753","Fifth Third Bank","FITB","25342072832","37.06","United States"
"754","ICON plc","ICLR","25280624640","306.45","Ireland"
"755","DiDi","DIDIY","25272637440","4.83","China"
"756","Nidec","6594.T","25209390038","43.87","Japan"
"757","Cardinal Health","CAH","25142994944","103.37","United States"
"758","Tesco","TSCDF","25103704064","3.57","United Kingdom"
"759","Rocket Companies","RKT","25099597824","12.63","United States"
"760","Airports of Thailand","AOT.BK","25098333745","1.76","Thailand"
"761","Klabin","KLBN11.SA","25091138261","4.66","Brazil"
"762","HEICO","HEI","25081438208","204.82","United States"
"763","T. Rowe Price","TROW","25034708992","111.94","United States"
"764","Telefónica","TEF","24982364160","4.43","Spain"
"765","Zimmer Biomet","ZBH","24967618560","121.52","United States"
"766","Siemens India","SIEMENS.NS","24856041389","68.93","India"
"767","Tata Steel","TATASTEEL.NS","24806380763","1.98","India"
"768","UCB","UCB.VI","24794167488","130.65","Belgium"
"769","Techtronic Industries","0669.HK","24707824614","13.47","Hong Kong"
"770","Naturgy","NTGY.MC","24623636068","25.4","Spain"
"771","Delta Electronics (Thailand)","DELTA.BK","24622681619","1.97","Thailand"
"772","Mobileye","MBLY","24533608448","30.43","Israel"
"773","Yili Group","600887.SS","24504599262","3.85","China"
"774","M&T Bank","MTB","24469958656","146.86","United States"
"775","CGI","GIB","24441389056","105.29","Canada"
"776","Great Wall Motors","601633.SS","24344594316","3.4","China"
"777","Hang Seng Bank","0011.HK","24299617570","12.74","Hong Kong"
"778","Delta Electronics","2308.TW","24263396080","9.34","Taiwan"
"779","Take 2 Interactive","TTWO","24198123520","141.72","United States"
"780","Ecopetrol","EC","24114884608","11.73","Colombia"
"781","Rheinmetall","RHM.F","24101977263","555.58","Germany"
"782","KONE","KNEBV.HE","24069186892","46.51","Finland"
"783","Cellnex Telecom","CLNX.MC","24056453236","34.1","Spain"
"784","ORIX","IX","24056150016","104.21","Japan"
"785","NVR","NVR","23982723072","7835.11","United States"
"786","Telus","TU","23932604416","16.21","Canada"
"787","Straumann","STMN.SW","23929917115","150.08","Switzerland"
"788","Equity Residential","EQR","23907323904","63.09","United States"
"789","Vistra","VST","23878438912","68.45","United States"
"790","PulteGroup","PHM","23791007744","112.76","United States"
"791","Wheaton Precious Metals","WPM","23780839424","52.48","Canada"
"792","SAIC Motor","600104.SS","23723806329","2.05","China"
"793","Symbotic","SYM","23693524992","40.25","United States"
"794","S.F. Express","002352.SZ","23686889416","4.84","China"
"795","Dover","DOV","23668510720","172.29","United States"
"796","Brown &amp; Brown","BRO","23663329280","82.93","United States"
"797","MicroStrategy","MSTR","23609862144","1338.64","United States"
"798","China Everbright Bank","601818.SS","23607472602","0.43","China"
"799","AppLovin","APP","23600033792","71.185","United States"
"800","Brown Forman","BF-A","23567943680","50.75","United States"
"801","Vodafone","VOD","23532605440","8.69","United Kingdom"
"802","Teck Resources","TECK","23522437120","45.53","Canada"
"803","Align Technology","ALGN","23478108160","311.88","United States"
"804","Indian Railway Finance","IRFC.NS","23447308149","1.79","India"
"805","National Bank of Kuwait","NBK.KW","23430780136","2814.02","Kuwait"
"806","COSCO Shipping","601919.SS","23391151613","1.53","China"
"807","First Citizens BancShares","FCNCA","23379013632","1622.72","United States"
"808","Ørsted","DOGEF","23358783488","53.18","Denmark"
"809","China Unicom","0762.HK","23358086386","0.76","Hong Kong"
"810","American Water Works","AWK","23353313280","119.87","United States"
"811","China Resources Land","1109.HK","23258446152","3.26","Hong Kong"
"812","Central Japan Railway","9022.T","23224837978","23.6","Japan"
"813","Roblox","RBLX","23222306816","36.3","United States"
"814","Cheniere Energy","CQP","23219447808","47.97","United States"
"815","Dollarama","DOL.TO","23179585944","83.15","Canada"
"816","Uniper","UN0.DE","23158158064","55.45","Germany"
"817","Weyerhaeuser","WY","23136155648","31.71","United States"
"818","Mitsubishi Estate","8802.T","23099704408","18.24","Japan"
"819","Broadridge Financial Solutions","BR","23072712704","195.91","United States"
"820","Franco-Nevada","FNV","22930321408","119.32","Canada"
"821","SMIC","0981.HK","22857898271","1.89","China"
"822","Entergy","ETR","22855385088","107.18","United States"
"823","Swedbank","SWED-A.ST","22833058066","20.29","Sweden"
"824","Builders FirstSource","BLDR","22832046080","187.24","United States"
"825","Western Digital","WDC","22827200512","69.92","United States"
"826","DTE Energy","DTE","22786580480","110.12","United States"
"827","Genuine Parts Company","GPC","22758672384","163.38","United States"
"828","Axon Enterprise","AXON","22756710400","301.56","United States"
"829","SSE","SSE.L","22705936216","20.77","United Kingdom"
"830","Vonovia","VNA.DE","22658904879","27.61","Germany"
"831","Riyad Bank","1010.SR","22650052867","7.56","Saudi Arabia"
"832","Suzuki Motor","7269.T","22610728732","11.72","Japan"
"833","NTT Data","9613.T","22588662768","16.11","Japan"
"834","Pinterest","PINS","22538823680","33.02","United States"
"835","Varun Beverages","VBL.NS","22478001168","17.3","India"
"836","Iron Mountain","IRM","22451152896","76.6","United States"
"837","Epiroc","EPI-A.ST","22437553595","19.03","Sweden"
"838","State Street Corporation","STT","22428882944","74.39","United States"
"839","Toyota Tsusho","8015.T","22382007859","63.61","Japan"
"840","China Minsheng Bank","600016.SS","22343372472","0.55","China"
"841","Argenx","ARGX","22291417088","375.08","Netherlands"
"842","ASE Group","ASX","22286864384","10.32","Taiwan"
"843","Otsuka Holdings","4578.T","22281330522","41.06","Japan"
"844","Alinma Bank","1150.SR","22265030834","11.2","Saudi Arabia"
"845","Veolia","VIE.PA","22208601482","31.06","France"
"846","Cathay Financial Holding","2882.TW","22198745137","1.51","Taiwan"
"847","Tradeweb","TW","22192525312","101.83","United States"
"848","BOE Technology","000725.SZ","21952911560","0.59","China"
"849","FirstEnergy","FE","21938669568","38.12","United States"
"850","Saudi Electricity","5110.SR","21896077245","5.26","Saudi Arabia"
"851","Hewlett Packard Enterprise","HPE","21876140032","16.83","United States"
"852","Sampo","SAMPO.HE","21870997301","43.59","Finland"
"853","Shenzhen Inovance","300124.SZ","21862340077","8.17","China"
"854","International Flavors & Fragrances","IFF","21811902464","85.43","United States"
"855","Fleetcor","FLT","21790322688","303.26","United States"
"856","Tyson Foods","TSN","21770407936","60.98","United States"
"857","The Saudi British Bank","1060.SR","21761015341","10.58","Saudi Arabia"
"858","Standard Chartered","STAN.L","21759580971","8.48","United Kingdom"
"859","Tenaris","TS","21743779840","37.87","Luxembourg"
"860","POSCO","PKX","21694537728","71.48","South Korea"
"861","China Railway Group","0390.HK","21669866269","0.51","China"
"862","Société Générale","GLE.PA","21649853656","27.19","France"
"863","Maersk","MAERSK-B.CO","21594018919","1406.38","Denmark"
"864","PTC","PTC","21571962880","180.44","United States"
"865","Neste","NESTE.HE","21570536972","28.07","Finland"
"866","Dai-ichi Life Holdings","8750.T","21533293484","22.78","Japan"
"867","SBA Communications","SBAC","21420564480","198.3","United States"
"868","Hubbell","HUBB","21365753856","398","United States"
"869","Formosa Petrochemical","6505.TW","21337916786","2.24","Taiwan"
"870","East Japan Railway","9020.T","21332133484","18.87","Japan"
"871","BioNTech","BNTX","21325205504","88.49","Germany"
"872","Deckers Brands","DECK","21289975808","829.43","United States"
"873","Molina Healthcare","MOH","21278808064","363.22","United States"
"874","Steel Dynamics","STLD","21190170624","134.16","United States"
"875","Eversource Energy","ES","21166374912","60.35","United States"
"876","Tencent Music","TME","21142104064","12.32","China"
"877","Cameco","CCJ","21137149952","48.68","Canada"
"878","Coterra Energy","CTRA","21133787136","28.13","United States"
"879","LG Chem","051910.KS","21115339897","278.31","South Korea"
"880","Hindustan Zinc","HINDZINC.NS","21105460733","4.93","India"
"881","Rogers Communication","RCI","21075499008","39.59","Canada"
"882","Panasonic","6752.T","20998357630","9","Japan"
"883","Bharat Electronics","BEL.NS","20906029614","2.86","India"
"884","Invitation Homes","INVH","20904114176","34.13","United States"
"885","Alexandria Real Estate Equities","ARE","20896770048","119.49","United States"
"886","Baxter","BAX","20893415424","41.02","United States"
"887","ArcelorMittal","MT","20890445824","25.19","Luxembourg"
"888","Live Nation","LYV","20792590336","90.09","United States"
"889","Yankuang Energy (Yanzhou Coal Mining)","600188.SS","20765284116","3.22","China"
"890","Nippon Steel","5401.T","20758460731","22.54","Japan"
"891","Weichai Power","2338.HK","20755025031","2.11","China"
"892","Rollins","ROL","20665419776","42.65","United States"
"893","Ball Corporation","BALL","20620709888","65.5","United States"
"894","Bank of Jiangsu","600919.SS","20591266300","1.12","China"
"895","Pembina Pipeline","PBA","20565639168","35.49","Canada"
"896","NetApp","NTAP","20518000640","99.42","United States"
"897","YANGHE","002304.SZ","20419075561","13.55","China"
"898","Svenska Handelsbanken","SHB-A.ST","20371305965","10.47","Sweden"
"899","China Tourism Group Duty Free","601888.SS","20356437107","9.93","China"
"900","Steris","STE","20354697216","205.99","Ireland"
"901","Nokia","NOK","20349515776","3.68","Finland"
"902","Warner Bros. Discovery","WBD","20315080000","8.44","United States"
"903","W. R. Berkley","WRB","20287895552","79.08","United States"
"904","Naver","035420.KS","20244603238","134.09","South Korea"
"905","Emaar Properties","EMAAR.AE","20241871411","2.29","United Arab Emirates"
"906","ULTA Beauty","ULTA","20237617152","419.27","United States"
"907","Erie Indemnity","ERIE","20167692288","385.69","United States"
"908","Lasertec","6920.T","20145074322","223.37","Japan"
"909","McCormick & Company","MKC","20141293568","75.02","United States"
"910","PPL","PPL","20095547392","27.24","United States"
"911","Borouge","BOROUGE.AE","20053194014","0.67","United Arab Emirates"
"912","CLP Group","0002.HK","20028356172","7.93","Hong Kong"
"913","EnBW Energie","EBK.DE","20013916607","73.89","Germany"
"914","China Tower","0788.HK","19997027225","0.11","China"
"915","Zomato","ZOMATO.NS","19972704511","2.23","India"
"916","Samsung SDI","006405.KS","19967626674","175.45","South Korea"
"917","SM Investments Corporation","SVTMF","19964100608","15.6","Philippines"
"918","Industries Qatar","IQCD.QA","19945053398","3.3","Qatar"
"919","LPL Financial","LPLA","19937617920","266.9","United States"
"920","WiseTech Global","WTC.AX","19906797082","59.7","Australia"
"921","Prada","1913.HK","19892990607","7.77","Italy"
"922","Kellogg's","K","19869868032","58.14","United States"
"923","Polyus","PLZL.ME","19859669246","146.44","Russia"
"924","Coca-Cola FEMSA","KOF","19859146752","94.53","Mexico"
"925","Illumina","ILMN","19820877824","124.46","United States"
"926","Bank of Ningbo","002142.SZ","19804571545","3","China"
"927","Inpex","1605.T","19784924266","15.72","Japan"
"928","Sompo Holdings","8630.T","19782039693","20.03","Japan"
"929","Huntington Bancshares","HBAN","19753277440","13.63","United States"
"930","ČEZ Group","CEZ.PR","19743234254","36.35","Czech Republic"
"931","Galaxy Entertainment","0027.HK","19736517375","4.51","Hong Kong"
"932","Ameren","AEE","19727142912","74.02","United States"
"933","MTR Corporation","0066.HK","19643239559","3.16","Hong Kong"
"934","DraftKings","DKNG","19602649088","41.21","United States"
"935","Elm Company","7203.SR","19564800000","244.56","Saudi Arabia"
"936","Talanx","TLX.DE","19537244498","75.66","Germany"
"937","PKN Orlen","PKN.WA","19536574011","16.83","Poland"
"938","Telkom Indonesia","TLK","19535065088","19.72","Indonesia"
"939","Endesa","ELE.MC","19521618025","18.46","Spain"
"940","Repsol","REP.MC","19514676582","16.11","Spain"
"941","WSP Global","WSP.TO","19484209494","156.26","Canada"
"942","Chongqing Changan","000625.SZ","19468807632","2.25","China"
"943","Sungrow Power Supply","300274.SZ","19460106402","13.1","China"
"944","CTBC Financial Holding","2891.TW","19444982458","0.97","Taiwan"
"945","PKO Bank Polski","PKO.WA","19444444047","15.56","Poland"
"946","Imperial Brands","IMB.L","19430721766","22.49","United Kingdom"
"947","Carnival Corporation","CCL","19374899200","14.79","United States"
"948","Itaúsa","ITSA3.SA","19359477398","1.87","Brazil"
"949","Freddie Mac","FMCCT","19327860736","6","United States"
"950","Markel","MKL","19290640384","1479.65","United States"
"951","Teledyne","TDY","19287031808","407.06","United States"
"952","First Solar","FSLR","19277545472","180.1","United States"
"953","Fortis","FTS","19276494848","39.1","Canada"
"954","LONGi Green Energy Technology","601012.SS","19275598719","2.54","China"
"955","KB Financial Group","KB","19256743936","50.83","South Korea"
"956","Hormel Foods","HRL","19245756416","35.14","United States"
"957","Erste Group Bank","EBO.F","19235981461","47.58","Austria"
"958","Kaō","4452.T","19203268154","41.31","Japan"
"959","Westlake Chemical","WLK","19194402816","149.36","United States"
"960","Principal","PFG","19167076352","81.51","United States"
"961","Aptiv","APTV","19155699712","70.25","Ireland"
"962","Sartorius","SRT.DE","19141187441","247.38","Germany"
"963","China Securities","601066.SS","19131277695","2.95","China"
"964","Swiss Life","SLHN.SW","19084434735","687.64","Switzerland"
"965","Moncler","MONC.MI","19059263054","70.51","Italy"
"966","United Microelectronics","UMC","19044155392","7.6","Taiwan"
"967","Philips","PHG","19043526656","21.01","Netherlands"
"968","Kubota","6326.T","19022025924","16.19","Japan"
"969","Entegris","ENTG","19018108928","126.17","United States"
"970","Ambuja Cements","AMBUJACEM.NS","18990537302","7.71","India"
"971","Bolloré","BOL.PA","18987269428","6.69","France"
"972","NEC Corp","6701.T","18985474462","71.16","Japan"
"973","Zoom","ZM","18951845888","61.62","United States"
"974","Booz Allen Hamilton","BAH","18937726976","145.96","United States"
"975","Cincinnati Financial","CINF","18932731904","120.83","United States"
"976","Cboe","CBOE","18867478528","178.82","United States"
"977","Legal &amp; General","LGEN.L","18853029226","3.15","United Kingdom"
"978","Seres Group","601127.SS","18840992859","12.48","China"
"979","Ajinomoto","2802.T","18832131669","36.71","Japan"
"980","Snap","SNAP","18800676864","11.39","United States"
"981","Carlsberg","CARL-B.CO","18767601893","134.24","Denmark"
"982","Grasim Industries","GRASIM.NS","18628432965","28.38","India"
"983","Grupo Carso","GCARSOA1.MX","18611725654","8.25","Mexico"
"984","Darden Restaurants","DRI","18608066560","155.9","United States"
"985","Genmab","GMAB","18607267840","28.56","Denmark"
"986","Traton","8TRA.DE","18606768661","37.21","Germany"
"987","Waters Corporation","WAT","18581760000","313.3","United States"
"988","Samsara","IOT","18558130176","33.71","United States"
"989","VeriSign","VRSN","18537732096","185.12","United States"
"990","Commerzbank","CBK.F","18481112084","14.9","Germany"
"991","Alnylam Pharmaceuticals","ALNY","18470844416","146.07","United States"
"992","Omnicom","OMC","18451480576","94.22","United States"
"993","CK Hutchison Holdings","0001.HK","18408200541","4.81","Hong Kong"
"994","Expedia Group","EXPE","18401605632","135.02","United States"
"995","UPM-Kymmene","UPM.HE","18390470867","34.14","Finland"
"996","Aeon","8267.T","18372003412","21.47","Japan"
"997","Textron","TXT","18330634240","95.28","United States"
"998","Williams-Sonoma","WSM","18316347392","285.07","United States"
"999","HeidelbergCement","HEI.DE","18276990876","100.39","Germany"
"1000","Z Holdings","4689.T","18227400670","2.43","Japan"